roll_number,a_r,b_r,mu,variance,lambda,c,no2_column_used,num_samples_used
102303254,0.2,1.5,25.81637541398808,342.12061025995786,0.001461472898753684,0.02156852503216156,no2,419509
